marital,tv_hrs
Other,3.1035286284953396
Separated,3.549618320610687
Divorced,3.0854072398190047
Widowed,3.912
Married,2.6504253673627223
